Column1;time;value
0;995;1011
1;995;1011
2;995;1011
3;995;1011
4;995;1011
5;995;1011
6;995;1011
7;1000;1008
8;997;1008
9;995;1007
10;994;1007
11;992;1009
12;993;1010
13;992;1010
14;989;1011
15;988;1013
16;987;1014
17;990;1014
18;993;1016
19;989;1016
20;988;1013
21;986;1009
22;988;1008
23;993;1007
24;997;1010
25;993;1008
26;986;1008
27;983;1006
28;977;1005
29;979;1006
30;975;1005
31;974;1002
32;972;1000
33;969;995
34;969;997
35;969;1003
36;971;1005
37;973;1003
38;971;1000
39;969;997
40;966;999
41;966;999
42;966;1001
43;966;1001
44;967;999
45;965;996
46;963;996
47;967;998
48;969;999
49;969;996
50;968;995
51;967;994
52;963;994
53;966;998
54;964;1001
55;968;999
56;966;997
57;964;992
58;961;985
59;960;984
60;957;983
61;952;979
62;947;973
63;947;964
64;943;966
65;933;977
66;927;998
67;927;1017
68;939;1034
69;958;1048
70;980;1064
71;1010;1086
72;1048;1111
73;1099;1131
74;1148;1140
75;1180;1119
76;1192;1066
77;1177;1007
78;1128;978
79;1058;974
80;991;981
81;951;988
82;937;987
83;939;992
84;950;994
85;958;994
86;959;988
87;957;988
88;955;992
89;958;991
90;959;990
91;961;991
92;962;987
93;960;987
94;957;987
95;956;990
96;959;992
97;955;993
98;957;989
99;958;985
100;957;987
101;958;987
102;959;989
103;958;989
104;958;985
105;955;986
106;953;988
107;957;991
108;959;990
109;963;990
110;960;990
111;960;986
112;958;987
113;956;988
114;957;990
115;956;989
116;955;986
117;953;984
118;953;985
119;956;987
120;958;990
121;958;990
122;958;987
123;956;985
124;954;989
125;959;984
126;959;987
127;958;988
128;958;987
129;957;983
130;957;986
131;956;988
132;958;987
133;956;984
134;954;981
135;953;983
136;954;982
137;955;984
138;958;987
139;960;983
140;957;984
141;958;982
142;955;983
143;958;987
144;957;987
145;957;984
146;955;981
147;955;979
148;953;980
149;956;984
150;956;984
151;957;981
152;958;979
153;954;977
154;954;975
155;955;976
156;957;976
157;957;976
158;957;975
159;954;972
160;953;972
161;953;971
162;955;971
163;955;968
164;957;967
165;954;965
166;952;965
167;952;964
168;952;966
169;951;964
170;952;961
171;950;961
172;947;961
173;950;961
174;952;962
175;953;962
176;952;959
177;949;958
178;949;959
179;951;961
180;951;963
181;952;963
182;952;966
183;951;966
184;950;969
185;953;970
186;958;975
187;959;976
188;959;974
189;957;974
190;956;977
191;961;980
192;964;985
193;964;986
194;966;986
195;965;986
196;966;988
197;967;992
198;969;995
199;973;994
200;974;992
201;974;992
202;971;993
203;973;995
204;975;996
205;978;992
206;975;994
207;975;989
208;973;990
209;973;992
210;976;992
211;974;994
212;973;993
213;975;992
214;973;990
215;974;993
216;974;993
217;971;994
218;972;991
219;972;989
220;971;991
221;970;991
222;971;992
223;972;992
224;969;988
225;968;989
226;966;987
227;969;991
228;970;994
229;972;994
230;968;990
231;968;987
232;967;985
233;969;986
234;969;986
235;971;987
236;970;986
237;967;982
238;966;985
239;968;986
240;969;988
241;967;983
242;968;981
243;964;979
244;964;982
245;963;983
246;965;985
247;964;984
248;962;985
249;962;982
250;963;981
251;965;983
252;967;987
253;967;985
254;966;985
255;965;980
256;962;980
257;966;982
258;965;981
259;964;980
260;963;980
261;962;979
262;959;982
263;962;984
264;964;982
265;966;979
266;962;978
267;959;979
268;958;980
269;961;978
270;964;982
271;963;981
272;962;981
273;960;978
274;958;981
275;959;980
276;961;983
277;962;983
278;963;982
279;963;981
280;962;979
281;964;981
282;963;981
283;966;981
284;964;979
285;964;979
286;963;979
287;963;983
288;966;985
289;968;982
290;965;982
291;963;981
292;961;977
293;963;978
294;965;980
295;966;980
296;968;978
297;970;979
298;969;978
299;969;981
300;970;985
301;974;985
302;974;986
303;973;984
304;979;985
305;980;988
306;983;990
307;984;988
308;983;989
309;981;985
310;978;985
311;980;990
312;979;989
313;979;989
314;979;988
315;978;987
316;977;987
317;976;989
318;977;989
319;980;989
320;982;986
321;983;983
322;975;984
323;967;983
324;967;983
325;964;981
326;962;981
327;958;979
328;958;981
329;959;982
330;961;984
331;960;981
332;961;979
333;959;975
334;956;975
335;955;974
336;956;979
337;956;978
338;954;977
339;955;976
340;953;977
341;958;977
342;957;980
343;958;978
344;960;976
345;955;976
346;953;975
347;956;979
348;958;979
349;959;977
350;958;974
351;954;970
352;951;968
353;952;966
354;948;964
355;939;958
356;935;952
357;929;953
358;922;963
359;917;983
360;923;1008
361;941;1027
362;964;1037
363;992;1047
364;1021;1062
365;1071;1084
366;1122;1106
367;1168;1123
368;1199;1121
369;1212;1096
370;1205;1045
371;1175;991
372;1122;954
373;1057;934
374;1002;930
375;970;934
376;946;945
377;934;955
378;929;962
379;933;965
380;939;967
381;946;965
382;946;965
383;947;968
384;946;967
385;948;967
386;948;967
387;948;966
388;945;969
389;947;969
390;947;969
391;947;970
392;949;967
393;945;965
394;942;966
395;942;969
396;944;971
397;945;971
398;946;969
399;943;965
400;945;966
401;947;967
402;949;970
403;946;971
404;946;969
405;943;968
406;942;968
407;942;970
408;946;971
409;946;970
410;945;970
411;943;968
412;941;970
413;944;971
414;942;971
415;943;971
416;942;970
417;941;967
418;942;967
419;944;971
420;944;971
421;945;973
422;946;969
423;943;969
424;942;968
425;946;970
426;946;971
427;947;969
428;947;967
429;942;968
430;943;968
431;945;969
432;946;969
433;949;969
434;946;967
435;945;965
436;942;965
437;944;969
438;946;969
439;946;967
440;947;966
441;943;961
442;941;961
443;941;963
444;944;966
445;945;962
446;943;960
447;941;960
448;940;957
449;940;958
450;942;959
451;941;955
452;939;954
453;940;951
454;937;950
455;938;953
456;938;952
457;940;950
458;938;946
459;934;945
460;933;944
461;934;946
462;937;947
463;935;946
464;934;944
465;933;942
466;930;940
467;932;943
468;933;942
469;934;942
470;933;944
471;930;943
472;929;946
473;932;947
474;934;951
475;935;953
476;936;955
477;937;953
478;936;958
479;942;965
480;945;969
481;950;970
482;951;972
483;952;971
484;951;971
485;956;975
486;959;979
487;961;982
488;960;981
489;958;981
490;958;983
491;960;985
492;962;987
493;964;987
494;964;985
495;960;985
496;960;985
497;961;987
498;963;990
499;963;987
500;965;985
501;960;985
502;958;985
503;963;987
504;962;989
505;964;989
506;964;987
507;960;985
508;959;985
509;962;985
510;963;988
511;961;987
512;963;986
513;961;985
514;961;985
515;962;986
516;965;987
517;966;987
518;963;986
519;962;984
520;960;981
521;961;985
522;964;987
523;961;987
524;961;987
525;961;984
526;958;983
527;961;986
528;960;986
529;961;984
530;959;984
531;957;985
532;956;980
533;957;983
534;957;986
535;958;984
536;959;980
537;955;978
538;954;982
539;955;983
540;957;984
541;958;985
542;958;980
543;955;979
544;955;979
545;955;981
546;960;983
547;958;983
548;957;981
549;956;979
550;953;980
551;957;979
552;958;985
553;958;981
554;957;980
555;953;981
556;952;979
557;953;981
558;954;982
559;956;982
560;955;979
561;955;978
562;955;980
563;955;982
564;958;983
565;958;984
566;957;983
567;955;980
568;954;978
569;954;981
570;956;983
571;958;984
572;955;978
573;955;980
574;953;981
575;954;983
576;956;984
577;958;983
578;956;980
579;956;980
580;956;979
581;958;983
582;957;984
583;958;984
584;957;982
585;955;978
586;955;981
587;956;984
588;958;984
589;961;983
590;965;982
591;964;981
592;965;980
593;967;983
594;969;984
595;971;985
596;971;983
597;971;983
598;973;983
599;974;988
600;976;990
601;979;986
602;981;986
603;976;984
604;975;987
605;976;991
606;975;995
607;977;995
608;975;990
609;974;989
610;969;990
611;969;991
612;971;994
613;974;992
614;979;989
615;980;986
616;978;986
617;971;987
618;970;987
619;968;989
620;967;985
621;963;981
622;960;983
623;956;984
624;958;985
625;957;983
626;957;982
627;953;980
628;950;981
629;952;982
630;955;983
631;954;984
632;953;982
633;951;980
634;949;980
635;948;980
636;950;984
637;951;983
638;951;981
639;948;979
640;947;980
641;948;981
642;949;983
643;953;980
644;950;979
645;946;976
646;943;972
647;942;968
648;937;964
649;931;955
650;926;949
651;920;955
652;913;972
653;910;999
654;919;1029
655;943;1053
656;974;1076
657;1006;1099
658;1048;1125
659;1106;1151
660;1162;1165
661;1201;1146
662;1216;1088
663;1194;1015
664;1128;974
665;1034;970
666;960;976
667;924;976
668;923;974
669;935;973
670;941;975
671;945;975
672;946;975
673;945;973
674;946;972
675;945;972
676;943;970
677;945;975
678;943;975
679;946;974
680;945;971
681;945;970
682;942;970
683;943;971
684;944;972
685;944;972
686;941;970
687;943;968
688;940;968
689;941;970
690;943;973
691;943;971
692;940;968
693;940;966
694;937;969
695;940;971
696;942;973
697;942;972
698;943;972
699;939;968
700;938;968
701;940;971
702;941;972
703;942;973
704;942;972
705;939;969
706;940;970
707;944;969
708;945;971
709;944;971
710;944;970
711;945;968
712;941;967
713;943;968
714;946;973
715;944;970
716;944;968
717;941;966
718;939;966
719;939;970
720;941;970
721;941;967
722;942;964
723;939;964
724;939;964
725;940;965
726;941;969
727;944;965
728;944;964
729;942;962
730;939;962
731;942;961
732;943;962
733;945;962
734;944;957
735;944;955
736;943;953
737;947;954
738;944;955
739;946;952
740;946;950
741;944;949
742;941;947
743;943;950
744;943;950
745;942;947
746;941;944
747;940;941
748;940;943
749;939;942
750;941;946
751;941;943
752;942;942
753;937;939
754;938;940
755;937;942
756;940;943
757;940;944
758;940;944
759;940;943
760;939;947
761;939;951
762;941;955
763;945;957
764;945;959
765;946;962
766;949;965
767;952;969
768;956;973
769;957;974
770;958;976
771;957;975
772;957;978
773;959;983
774;960;984
775;963;984
776;963;983
777;961;982
778;962;980
779;963;985
780;964;986
781;964;984
782;964;984
783;962;982
784;962;984
785;962;986
786;961;989
787;964;984
788;963;983
789;961;982
790;960;984
791;959;984
792;962;988
793;963;986
794;963;986
795;960;983
796;959;983
797;963;985
798;962;987
799;965;986
800;962;986
801;959;982
802;958;982
803;960;983
804;960;983
805;960;984
806;959;981
807;954;979
808;954;982
809;956;982
810;957;982
811;958;981
812;957;979
813;956;979
814;952;978
815;954;982
816;954;982
817;953;978
818;952;974
819;953;974
820;951;975
821;953;978
822;954;981
823;956;978
824;953;976
825;954;975
826;951;975
827;951;976
828;954;981
829;953;979
830;954;976
831;950;976
832;948;975
833;950;976
834;952;978
835;951;977
836;952;976
837;951;978
838;948;974
839;950;979
840;951;981
841;954;978
842;954;976
843;954;974
844;950;971
845;951;978
846;955;980
847;955;977
848;956;979
849;953;977
850;951;977
851;952;979
852;953;979
853;953;981
854;953;979
855;949;977
856;947;978
857;953;979
858;952;979
859;953;979
860;952;979
861;952;978
862;950;978
863;952;981
864;955;982
865;953;979
866;955;976
867;955;977
868;955;976
869;956;979
870;962;981
871;963;980
872;963;980
873;962;978
874;963;978
875;966;983
876;967;984
877;969;983
878;968;985
879;968;982
880;969;983
881;971;986
882;973;987
883;975;984
884;972;985
885;971;984
886;969;986
887;968;990
888;971;996
889;970;991
890;969;991
891;968;987
892;969;988
893;968;990
894;969;994
895;971;991
896;973;988
897;976;984
898;972;982
899;968;982
900;962;987
901;962;986
902;955;984
903;952;981
904;948;980
905;947;982
906;948;985
907;950;983
908;949;980
909;947;979
910;946;978
911;945;980
912;947;982
913;947;982
914;947;978
915;945;977
916;943;978
917;944;979
918;949;981
919;949;980
920;946;980
921;945;978
922;941;976
923;943;980
924;944;979
925;946;977
926;943;974
927;939;968
928;932;963
929;929;959
930;923;955
931;922;949
932;919;941
933;916;939
934;904;947
935;895;965
936;898;988
937;909;1011
938;925;1031
939;947;1050
940;970;1072
941;1001;1098
942;1042;1123
943;1098;1146
944;1151;1155
945;1186;1133
946;1196;1070
947;1178;1003
948;1119;968
949;1037;967
950;963;973
951;924;973
952;920;972
953;929;978
954;942;980
955;946;975
956;946;973
957;944;972
958;942;974
959;943;977
960;947;975
961;946;975
962;945;972
963;943;971
964;942;971
965;943;972
966;944;976
967;946;975
968;945;972
969;942;970
970;941;970
971;942;973
972;945;973
973;943;974
974;942;971
975;943;970
976;943;970
977;942;971
978;946;974
979;947;975
980;946;971
981;945;970
982;944;972
983;944;973
984;944;975
985;945;974
986;945;972
987;943;970
988;943;972
989;944;973
990;945;974
991;947;973
992;949;973
993;947;969
994;945;970
995;946;971
996;947;972
997;949;972
998;947;969
999;945;970
1000;945;972
1001;947;975
1002;949;973
1003;949;971
1004;947;971
1005;945;970
1006;946;971
1007;946;972
1008;951;970
1009;949;971
1010;947;970
1011;945;968
1012;948;967
1013;947;968
1014;949;967
1015;948;966
1016;946;962
1017;948;963
1018;949;964
1019;949;964
1020;949;962
1021;949;959
1022;948;956
1023;946;956
1024;946;959
1025;951;960
1026;950;953
1027;949;952
1028;947;948
1029;946;947
1030;946;949
1031;949;951
1032;951;949
1033;947;947
1034;948;946
1035;946;945
1036;949;947
1037;949;949
1038;951;949
1039;950;949
1040;947;948
1041;945;951
1042;947;955
1043;947;957
1044;950;961
1045;951;962
1046;950;963
1047;949;966
1048;954;970
1049;957;973
1050;960;974
1051;961;975
1052;960;977
1053;959;977
1054;961;979
1055;965;980
1056;967;985
1057;964;981
1058;965;978
1059;967;981
1060;967;983
1061;968;985
1062;970;984
1063;968;985
1064;966;985
1065;965;983
1066;965;985
1067;966;988
1068;968;986
1069;966;983
1070;965;982
1071;962;983
1072;965;988
1073;967;987
1074;968;986
1075;969;983
1076;965;981
1077;963;981
1078;964;981
1079;965;986
1080;965;982
1081;967;984
1082;964;981
1083;963;980
1084;964;979
1085;965;981
1086;964;981
1087;963;978
1088;961;979
1089;962;979
1090;961;982
1091;965;982
1092;964;981
1093;962;978
1094;958;977
1095;956;978
1096;958;980
1097;960;981
1098;960;978
1099;961;977
1100;959;974
1101;957;975
1102;958;976
1103;961;980
1104;960;978
1105;960;978
1106;958;977
1107;955;976
1108;956;977
1109;957;980
1110;958;978
1111;957;976
1112;955;973
1113;954;975
1114;955;977
1115;956;980
1116;957;978
1117;957;976
1118;958;974
1119;957;973
1120;956;976
1121;957;979
1122;960;978
1123;956;977
1124;956;976
1125;954;975
1126;951;977
1127;952;978
1128;955;977
1129;955;976
1130;954;975
1131;954;977
1132;954;977
1133;956;978
1134;956;976
1135;955;977
1136;955;975
1137;948;974
1138;952;978
1139;952;982
1140;955;978
1141;955;977
1142;954;975
1143;953;974
1144;955;975
1145;958;978
1146;958;978
1147;957;977
1148;957;974
1149;956;974
1150;958;976
1151;960;979
1152;966;978
1153;966;977
1154;964;976
1155;963;975
1156;967;976
1157;968;979
1158;969;979
1159;968;978
1160;969;978
1161;970;979
1162;971;983
1163;974;982
1164;978;980
1165;975;983
1166;976;980
1167;973;980
1168;973;982
1169;975;986
1170;977;988
1171;973;988
1172;971;987
1173;972;986
1174;973;986
1175;970;987
1176;971;983
1177;968;984
1178;973;980
1179;974;980
1180;975;980
1181;971;982
1182;968;979
1183;964;980
1184;961;976
1185;959;975
1186;957;977
1187;955;978
1188;958;975
1189;957;975
1190;955;974
1191;952;973
1192;954;978
1193;956;979
1194;957;978
1195;955;975
1196;952;973
1197;951;971
1198;949;973
1199;950;975
1200;951;972
1201;951;974
1202;948;972
1203;949;970
1204;949;976
1205;951;975
1206;950;974
1207;952;974
1208;950;974
1209;948;971
1210;951;973
1211;952;975
1212;954;973
1213;953;971
1214;950;968
1215;947;963
1216;945;960
1217;938;954
1218;935;948
1219;927;946
1220;921;955
1221;911;976
1222;913;1002
1223;929;1020
1224;953;1032
1225;980;1046
1226;1013;1068
1227;1061;1094
1228;1119;1112
1229;1165;1103
1230;1188;1055
1231;1180;990
1232;1131;948
1233;1053;942
1234;984;953
1235;940;960
1236;924;963
1237;928;964
1238;934;965
1239;942;965
1240;944;967
1241;946;964
1242;946;962
1243;944;963
1244;943;963
1245;939;965
1246;939;970
1247;943;970
1248;945;967
1249;943;963
1250;943;962
1251;941;964
1252;943;966
1253;947;969
1254;946;967
1255;945;967
1256;945;963
1257;945;966
1258;945;966
1259;947;967
1260;946;967
1261;946;966
1262;944;964
1263;939;965
1264;942;967
1265;944;969
1266;945;966
1267;944;965
1268;943;969
1269;939;967
1270;941;967
1271;943;972
1272;943;970
1273;943;971
1274;942;967
1275;941;966
1276;943;965
1277;940;968
1278;943;966
1279;942;965
1280;942;964
1281;940;962
1282;941;963
1283;943;965
1284;945;964
1285;945;968
1286;945;966
1287;944;963
1288;945;966
1289;945;967
1290;943;963
1291;943;962
1292;940;961
1293;937;963
1294;941;965
1295;943;966
1296;945;965
1297;946;964
1298;941;963
1299;943;959
1300;943;962
1301;944;964
1302;945;962
1303;945;957
1304;943;956
1305;940;954
1306;941;953
1307;944;956
1308;945;954
1309;944;951
1310;943;948
1311;939;944
1312;939;947
1313;939;948
1314;940;946
1315;939;944
1316;934;943
1317;935;943
1318;934;943
1319;937;941
1320;935;941
1321;930;940
1322;933;941
1323;932;939
1324;936;942
1325;937;945
1326;939;947
1327;938;943
1328;935;945
1329;934;945
1330;935;949
1331;938;950
1332;940;949
1333;942;949
1334;939;950
1335;940;952
1336;943;955
1337;948;960
1338;950;963
1339;951;963
1340;951;964
1341;951;967
1342;955;969
1343;958;972
1344;961;975
1345;963;975
1346;963;974
1347;960;973
1348;962;975
1349;962;978
1350;963;977
1351;962;975
1352;961;973
1353;960;973
1354;961;979
1355;963;978
1356;963;977
1357;965;976
1358;962;974
1359;960;975
1360;962;979
1361;961;981
1362;965;980
1363;964;976
1364;963;974
1365;964;973
1366;967;975
1367;968;976
1368;966;977
1369;965;975
1370;963;973
1371;959;974
1372;963;977
1373;964;978
1374;964;974
1375;961;972
1376;959;969
1377;957;968
1378;959;969
1379;961;972
1380;960;970
1381;957;973
1382;958;971
1383;956;973
1384;959;971
1385;959;972
1386;960;971
1387;961;971
1388;957;969
1389;957;970
1390;955;971
1391;957;973
1392;959;973
1393;958;971
1394;961;969
1395;957;966
1396;958;969
1397;958;972
1398;958;970
1399;958;971
1400;957;970
1401;956;971
1402;958;971
1403;960;974
1404;961;971
1405;959;971
1406;957;970
1407;953;970
1408;955;971
1409;956;973
1410;957;972
1411;960;973
1412;959;970
1413;954;970
1414;958;967
1415;961;971
1416;961;972
1417;958;971
1418;958;970
1419;957;971
1420;957;972
1421;958;974
1422;958;971
1423;958;971
1424;956;970
1425;956;971
1426;956;973
1427;959;975
1428;959;973
1429;959;969
1430;955;969
1431;954;969
1432;956;973
1433;958;973
1434;960;972
1435;962;971
1436;963;967
1437;963;968
1438;969;971
1439;970;972
1440;973;973
1441;972;974
1442;971;973
1443;972;974
1444;974;976
1445;977;978
1446;977;977
1447;980;979
1448;977;977
1449;977;976
1450;980;979
1451;978;981
1452;979;977
1453;977;978
1454;975;979
1455;973;981
1456;976;983
1457;978;984
1458;978;982
1459;974;979
1460;973;978
1461;974;979
1462;978;981
1463;983;982
1464;985;977
1465;982;976
1466;978;973
1467;970;975
1468;970;977
1469;967;978
1470;967;977
1471;962;975
1472;958;970
1473;956;972
1474;956;974
1475;955;976
1476;954;976
1477;954;973
1478;956;972
1479;953;971
1480;955;973
1481;956;975
1482;956;975
1483;955;972
1484;953;973
1485;950;972
1486;953;973
1487;950;976
1488;955;976
1489;956;972
1490;952;972
1491;948;974
1492;952;976
1493;955;977
1494;954;976
1495;954;973
1496;953;970
1497;948;967
1498;946;966
1499;945;962
1500;939;958
1501;933;951
1502;929;950
1503;922;954
1504;915;972
1505;916;997
1506;925;1020
1507;943;1031
1508;965;1043
1509;992;1061
1510;1032;1087
1511;1087;1114
1512;1143;1127
1513;1184;1114
1514;1201;1059
1515;1183;988
1516;1128;947
1517;1050;945
1518;981;955
1519;939;962
1520;924;966
1521;926;969
1522;934;971
1523;944;977
1524;946;974
1525;945;971
1526;945;973
1527;944;975
1528;946;976
1529;948;976
1530;947;974
1531;947;972
1532;944;971
1533;942;969
1534;942;973
1535;946;976
1536;946;975
1537;943;972
1538;943;972
1539;941;971
1540;942;974
1541;945;974
1542;945;975
1543;944;974
1544;941;971
1545;941;973
1546;941;974
1547;944;975
1548;946;975
1549;946;973
1550;942;972
1551;941;974
1552;943;976
1553;945;981
1554;945;978
1555;945;974
1556;943;974
1557;942;973
1558;942;976
1559;944;980
1560;946;977
1561;945;977
1562;942;976
1563;939;973
1564;941;975
1565;943;979
1566;942;978
1567;943;977
1568;941;976
1569;939;976
1570;939;976
1571;942;978
1572;945;975
1573;946;973
1574;944;974
1575;942;974
1576;942;977
1577;944;976
1578;946;977
1579;942;973
1580;940;973
1581;940;973
1582;941;974
1583;941;977
1584;943;972
1585;940;973
1586;941;970
1587;939;967
1588;942;967
1589;944;968
1590;943;967
1591;944;967
1592;944;963
1593;942;965
1594;944;967
1595;945;966
1596;945;963
1597;943;960
1598;942;957
1599;939;956
1600;939;961
1601;942;961
1602;942;958
1603;940;955
1604;938;954
1605;935;953
1606;936;951
1607;937;953
1608;938;951
1609;938;950
1610;934;949
1611;935;949
1612;935;950
1613;937;953
1614;937;952
1615;935;956
1616;936;956
1617;934;958
1618;938;961
1619;938;966
1620;941;969
1621;944;971
1622;944;972
1623;947;975
1624;951;979
1625;957;983
1626;958;984
1627;959;986
1628;958;984
1629;958;987
1630;962;989
1631;965;992
1632;967;993
1633;966;991
1634;966;992
1635;962;990
1636;965;994
1637;967;995
1638;968;994
1639;964;995
1640;966;995
1641;965;993
1642;966;994
1643;968;997
1644;969;995
1645;969;995
1646;966;994
1647;966;995
1648;967;996
1649;970;998
1650;970;997
1651;970;996
1652;969;995
1653;966;991
1654;967;993
1655;969;995
1656;969;994
1657;966;992
1658;965;992
1659;963;992
1660;965;995
1661;965;996
1662;967;994
1663;966;991
1664;964;990
1665;963;991
1666;962;991
1667;965;994
1668;964;994
1669;963;991
1670;962;990
1671;959;988
1672;959;991
1673;961;993
1674;962;992
1675;961;991
1676;961;989
1677;959;988
1678;960;991
1679;962;994
1680;960;990
1681;961;990
1682;958;987
1683;958;989
1684;960;989
1685;962;992
1686;962;991
1687;962;990
1688;958;988
1689;957;989
1690;958;990
1691;960;992
1692;959;992
1693;959;990
1694;958;986
1695;957;991
1696;958;992
1697;959;993
1698;959;992
1699;960;993
1700;959;991
1701;958;987
1702;959;989
1703;961;994
1704;963;993
1705;959;991
1706;961;990
1707;957;990
1708;958;991
1709;962;994
1710;960;992
1711;958;990
1712;958;989
1713;957;988
1714;958;993
1715;958;994
1716;960;995
1717;960;992
1718;958;991
1719;958;992
1720;959;992
1721;961;995
1722;961;994
1723;961;994
1724;958;992
1725;958;992
1726;960;994
1727;961;994
1728;963;994
1729;963;993
1730;965;992
1731;961;992
1732;964;994
1733;969;998
1734;973;994
1735;973;993
1736;972;992
1737;971;994
1738;973;999
1739;977;1000
1740;978;1001
1741;979;999
1742;980;997
1743;980;996
1744;981;998
1745;984;1003
1746;983;1003
1747;983;1004
1748;979;1003
1749;977;1006
1750;976;1008
1751;978;1009
1752;981;1006
1753;976;1006
1754;976;1004
1755;974;1004
1756;977;1005
1757;982;1006
1758;984;1002
1759;980;999
1760;973;998
1761;969;1000
1762;967;1000
1763;964;1002
1764;963;1002
1765;960;1000
1766;958;998
1767;959;996
1768;960;995
1769;958;999
1770;958;998
1771;957;994
1772;956;995
1773;955;996
1774;956;996
1775;957;1000
1776;960;997
1777;959;995
1778;957;992
1779;955;994
1780;955;997
1781;955;999
1782;957;997
1783;956;995
1784;955;994
1785;953;992
1786;956;995
1787;956;997
1788;956;997
1789;956;999
1790;955;992
1791;953;989
1792;951;985
1793;950;982
1794;943;978
1795;935;970
1796;928;966
1797;925;968
1798;920;985
1799;917;1014
1800;923;1041
1801;941;1063
1802;968;1085
1803;997;1108
1804;1037;1137
1805;1084;1165
1806;1140;1184
1807;1186;1183
1808;1213;1143
1809;1208;1071
1810;1179;1009
1811;1113;986
1812;1028;987
1813;965;993
1814;935;990
1815;930;991
1816;939;993
1817;948;995
1818;952;993
1819;952;986
1820;950;984
1821;948;985
1822;948;989
1823;949;989
1824;950;988
1825;951;987
1826;950;984
1827;947;985
1828;947;984
1829;949;985
1830;950;986
1831;950;985
1832;947;984
1833;945;984
1834;947;986
1835;947;988
1836;946;987
1837;947;985
1838;945;982
1839;942;982
1840;944;989
1841;945;986
1842;948;987
1843;945;987
1844;945;985
1845;944;984
1846;944;985
1847;945;988
1848;946;986
1849;946;985
1850;945;986
1851;943;985
1852;946;989
1853;947;989
1854;949;987
1855;949;986
1856;948;985
1857;946;986
1858;947;987
1859;950;990
1860;950;990
1861;950;986
1862;949;984
1863;947;984
1864;950;988
1865;946;989
1866;949;985
1867;950;989
1868;948;986
1869;946;986
1870;946;986
1871;947;988
1872;949;986
1873;949;982
1874;947;983
1875;945;984
1876;946;982
1877;947;985
1878;949;983
1879;948;981
1880;947;978
1881;946;981
1882;948;979
1883;948;983
1884;950;981
1885;950;977
1886;951;975
1887;946;975
1888;951;976
1889;951;975
1890;952;977
1891;949;972
1892;948;971
1893;944;970
1894;946;971
1895;949;971
1896;949;970
1897;950;967
1898;947;964
1899;946;965
1900;946;965
1901;946;965
1902;946;963
1903;949;962
1904;947;960
1905;945;959
1906;948;960
1907;950;962
1908;949;960
1909;949;960
1910;946;959
1911;943;962
1912;949;968
1913;950;968
1914;952;968
1915;949;971
1916;947;971
1917;948;974
1918;950;979
1919;952;984
1920;955;985
1921;955;986
1922;958;988
1923;958;990
1924;961;994
1925;962;997
1926;965;1001
1927;967;999
1928;967;998
1929;965;1000
1930;968;1003
1931;970;1004
1932;968;1004
1933;968;1004
1934;968;1001
1935;966;1000
1936;966;1003
1937;968;1004
1938;969;1003
1939;968;1001
1940;967;1000
1941;966;1002
1942;966;1003
1943;968;1005
1944;968;1004
1945;967;1002
1946;966;1000
1947;964;1000
1948;965;1001
1949;967;1003
1950;968;1003
1951;967;1005
1952;967;1003
1953;965;1000
1954;967;1001
1955;968;1003
1956;969;1002
1957;968;999
1958;966;1001
1959;962;998
1960;963;1001
1961;967;1005
1962;970;1004
1963;970;1002
1964;969;1001
1965;967;1001
1966;967;1003
1967;970;1004
1968;971;1002
1969;971;1004
1970;971;1004
1971;968;1003
1972;971;1005
1973;975;1005
1974;977;1005
1975;977;1002
1976;974;1001
1977;974;1002
1978;975;1003
1979;981;1003
1980;980;1001
1981;975;1001
1982;973;997
1983;978;999
1984;983;997
1985;982;999
1986;980;998
1987;978;994
1988;976;993
1989;976;991
1990;975;991
1991;974;990
1992;970;989
1993;967;990
1994;961;989
1995;960;990
1996;960;991
1997;962;992
1998;958;992
1999;956;990
2000;955;988
2001;952;990
2002;951;993
2003;952;993
2004;954;992
2005;953;992
2006;949;989
2007;947;990
2008;949;993
2009;950;994
2010;951;992
2011;951;993
2012;950;991
2013;948;992
2014;952;994
2015;954;994
2016;953;995
2017;953;993
2018;954;991
2019;951;993
2020;954;997
2021;954;998
2022;956;995
2023;953;993
2024;954;992
2025;949;992
2026;951;989
2027;949;986
2028;944;977
2029;938;974
2030;929;965
2031;920;961
2032;920;965
2033;914;986
2034;910;1007
2035;916;1036
2036;935;1059
2037;963;1077
2038;996;1100
2039;1029;1121
2040;1076;1142
2041;1126;1157
2042;1171;1157
2043;1193;1124
2044;1199;1065
2045;1171;1009
2046;1104;981
2047;1019;983
2048;957;988
2049;928;989
2050;930;991
2051;941;995
2052;949;995
2053;951;992
2054;947;991
2055;944;990
2056;948;993
2057;946;993
2058;949;993
2059;947;990
2060;945;989
2061;943;990
2062;946;993
2063;948;993
2064;947;992
2065;947;991
2066;945;988
2067;944;989
2068;943;990
2069;944;992
2070;946;992
2071;946;990
2072;945;988
2073;944;988
2074;946;990
2075;947;991
2076;946;991
2077;947;989
2078;942;988
2079;940;987
2080;943;990
2081;942;992
2082;946;991
2083;946;989
2084;946;989
2085;944;989
2086;944;988
2087;946;990
2088;949;992
2089;948;990
2090;945;988
2091;944;987
2092;946;990
2093;944;992
2094;946;988
2095;945;988
2096;942;987
2097;941;987
2098;943;991
2099;947;993
2100;947;990
2101;948;989
2102;944;985
2103;944;985
2104;945;986
2105;946;989
2106;948;989
2107;949;986
2108;945;986
2109;945;986
2110;947;987
2111;948;986
2112;949;981
2113;947;980
2114;946;981
2115;944;979
2116;944;981
2117;947;984
2118;948;978
2119;945;979
2120;946;975
2121;944;976
2122;945;975
2123;947;980
2124;948;975
2125;947;972
2126;945;968
2127;943;968
2128;944;967
2129;946;970
2130;948;967
2131;948;965
2132;947;963
2133;943;963
2134;945;961
2135;944;963
2136;946;962
2137;944;958
2138;943;959
2139;939;958
2140;940;961
2141;943;962
2142;944;961
2143;943;962
2144;943;960
2145;941;963
2146;944;966
2147;946;969
2148;948;970
2149;947;971
2150;945;971
2151;943;973
2152;946;975
2153;950;979
2154;950;981
2155;950;981
2156;947;981
2157;950;982
2158;953;983
2159;955;987
2160;956;988
2161;957;986
2162;956;986
2163;953;990
2164;957;993
2165;959;996
2166;962;995
2167;963;991
2168;963;992
2169;960;992
2170;961;994
2171;962;995
2172;963;996
2173;963;994
2174;958;994
2175;959;990
2176;955;993
2177;959;995
2178;961;998
2179;961;996
2180;963;994
2181;962;995
2182;962;994
2183;964;997
2184;963;996
2185;963;993
2186;961;994
2187;960;991
2188;959;995
2189;961;995
2190;963;993
2191;961;992
2192;959;992
2193;959;989
2194;958;993
2195;961;993
2196;961;994
2197;962;992
2198;958;991
2199;956;991
2200;957;989
2201;958;991
2202;955;991
2203;953;991
2204;951;990
2205;950;991
2206;955;992
2207;956;992
2208;956;991
2209;955;990
2210;952;985
2211;951;987
2212;952;988
2213;952;990
2214;955;991
2215;953;987
2216;951;988
2217;954;987
2218;952;990
2219;954;989
2220;956;989
2221;955;989
2222;953;988
2223;950;989
2224;954;993
2225;954;992
2226;954;990
2227;955;988
2228;954;984
2229;953;985
2230;952;991
2231;955;992
2232;953;992
2233;954;991
2234;952;987
2235;950;986
2236;953;988
2237;953;990
2238;954;990
2239;953;990
2240;952;988
2241;946;988
2242;947;990
2243;952;988
2244;952;988
2245;950;984
2246;950;985
2247;946;985
2248;949;993
2249;950;995
2250;954;991
2251;956;988
2252;955;987
2253;952;988
2254;952;990
2255;954;992
2256;954;992
2257;957;990
2258;952;988
2259;951;986
2260;951;988
2261;952;991
2262;952;990
2263;951;987
2264;949;985
2265;947;987
2266;947;987
2267;951;987
2268;950;987
2269;949;986
2270;950;988
2271;949;986
2272;951;986
2273;953;988
2274;953;986
2275;952;986
2276;951;985
2277;950;985
2278;952;987
2279;954;989
2280;956;985
2281;955;988
2282;956;988
2283;954;987
2284;955;986
2285;954;989
2286;952;986
2287;954;986
2288;952;982
2289;950;983
2290;952;987
2291;952;988
2292;953;988
2293;952;986
2294;949;981
2295;949;980
2296;950;983
2297;954;985
2298;953;986
2299;952;985
2300;951;981
2301;949;977
2302;950;982
2303;951;984
2304;952;982
2305;953;983
2306;952;981
2307;952;981
2308;954;983
2309;956;984
2310;955;986
2311;955;980
2312;953;979
2313;952;979
2314;952;983
2315;951;984
2316;955;983
2317;953;983
2318;954;982
2319;952;982
2320;953;985
2321;952;985
2322;955;985
2323;957;984
2324;958;979
2325;958;979
2326;962;983
2327;963;986
2328;964;985
2329;963;986
2330;965;984
2331;963;987
2332;967;988
2333;969;991
2334;971;990
2335;973;988
2336;973;989
2337;972;990
2338;971;991
2339;973;994
2340;973;993
2341;972;991
2342;968;990
2343;966;991
2344;968;991
2345;970;993
2346;973;990
2347;969;988
2348;966;990
2349;960;991
2350;964;992
2351;965;992
2352;970;988
2353;971;986
2354;970;983
2355;967;986
2356;964;986
2357;962;990
2358;961;987
2359;960;986
2360;954;985
2361;950;979
2362;951;981
2363;951;984
2364;951;983
2365;950;983
2366;950;983
2367;950;980
2368;948;982
2369;952;982
2370;949;982
2371;949;981
2372;944;979
2373;940;977
2374;943;978
2375;944;983
2376;947;981
2377;948;979
2378;944;979
2379;941;980
2380;943;980
2381;945;981
2382;945;979
2383;945;979
2384;942;973
2385;938;969
2386;936;966
2387;933;966
2388;926;961
2389;927;958
2390;920;963
2391;910;975
2392;909;1001
2393;919;1019
2394;940;1030
2395;963;1040
2396;986;1055
2397;1020;1077
2398;1068;1101
2399;1121;1124
2400;1167;1133
2401;1193;1114
2402;1201;1067
2403;1182;1006
2404;1136;959
2405;1069;946
2406;1010;947
2407;967;951
2408;939;957
2409;924;965
2410;914;967
2411;917;970
2412;924;971
2413;931;970
2414;934;969
2415;934;967
2416;937;971
2417;940;974
2418;942;972
2419;942;972
2420;941;971
2421;940;970
2422;939;971
2423;940;975
2424;938;972
2425;938;973
2426;936;968
2427;934;972
2428;934;974
2429;938;974
2430;938;973
2431;938;973
2432;935;972
2433;935;972
2434;936;973
2435;939;979
2436;938;976
2437;938;975
2438;939;971
2439;935;969
2440;935;974
2441;938;975
2442;937;978
2443;937;976
2444;935;973
2445;935;974
2446;937;974
2447;938;975
2448;939;977
2449;938;976
2450;938;974
2451;936;974
2452;940;975
2453;938;980
2454;939;975
2455;938;975
2456;936;976
2457;936;973
2458;938;975
2459;938;979
2460;941;976
2461;939;974
2462;938;972
2463;933;971
2464;935;973
2465;935;976
2466;938;974
2467;938;974
2468;936;971
2469;936;972
2470;937;972
2471;938;971
2472;941;969
2473;941;970
2474;939;970
2475;939;970
2476;940;970
2477;943;975
2478;943;971
2479;941;971
2480;941;970
2481;939;967
2482;938;972
2483;943;975
2484;943;973
2485;943;971
2486;943;967
2487;938;965
2488;941;964
2489;942;965
2490;941;967
2491;938;960
2492;935;959
2493;931;957
2494;932;957
2495;934;958
2496;933;954
2497;932;955
2498;931;951
2499;927;948
2500;925;949
2501;929;949
2502;926;947
2503;924;947
2504;925;944
2505;921;944
2506;924;945
2507;927;946
2508;926;946
2509;927;944
2510;924;943
2511;924;942
2512;926;948
2513;928;953
2514;932;954
2515;932;956
2516;930;955
2517;931;957
2518;936;962
2519;938;967
2520;939;968
2521;942;970
2522;942;973
2523;944;975
2524;946;977
2525;948;982
2526;953;981
2527;954;980
2528;953;980
2529;954;981
2530;956;986
2531;958;988
2532;959;988
2533;963;987
2534;960;985
2535;961;985
2536;963;986
2537;964;990
2538;963;990
2539;963;987
2540;962;987
2541;958;987
2542;962;988
2543;961;990
2544;961;986
2545;960;988
2546;959;985
2547;959;986
2548;959;990
2549;962;990
2550;962;989
2551;961;986
2552;959;985
2553;958;986
2554;959;987
2555;959;987
2556;961;988
2557;960;987
2558;958;986
2559;957;983
2560;958;985
2561;961;987
2562;960;987
2563;960;987
2564;957;983
2565;957;983
2566;959;988
2567;959;985
2568;960;985
2569;960;983
2570;959;982
2571;954;979
2572;955;982
2573;955;984
2574;957;984
2575;955;983
2576;953;982
2577;953;979
2578;953;982
2579;955;984
2580;957;984
2581;957;983
2582;955;982
2583;953;984
2584;956;985
2585;957;987
2586;958;983
2587;957;982
2588;955;980
2589;954;981
2590;954;983
2591;956;984
2592;957;981
2593;958;982
2594;952;979
2595;953;980
2596;955;981
2597;957;984
2598;955;982
2599;954;983
2600;952;981
2601;948;981
2602;950;981
2603;955;984
2604;955;984
2605;954;982
2606;953;980
2607;951;982
2608;952;985
2609;955;984
2610;955;986
2611;954;982
2612;952;980
2613;952;981
2614;954;984
2615;953;987
2616;956;985
2617;955;984
2618;953;984
2619;953;983
2620;953;985
2621;956;987
2622;956;986
2623;955;985
2624;951;984
2625;950;984
2626;954;984
2627;958;986
2628;960;984
2629;961;986
2630;965;984
2631;963;985
2632;965;988
2633;964;992
2634;967;988
2635;969;988
2636;972;987
2637;969;988
2638;971;992
2639;972;995
2640;974;993
2641;975;990
2642;973;990
2643;971;993
2644;972;995
2645;972;998
2646;974;997
2647;972;996
2648;968;997
2649;968;996
2650;969;996
2651;967;999
2652;968;998
2653;973;994
2654;975;991
2655;975;991
2656;972;991
2657;967;993
2658;966;994
2659;964;991
2660;960;988
2661;957;985
2662;953;989
2663;954;990
2664;953;989
2665;953;987
2666;949;985
2667;947;986
2668;948;989
2669;952;987
2670;954;986
2671;952;983
2672;951;981
2673;950;981
2674;950;985
2675;951;988
2676;952;986
2677;951;984
2678;950;984
2679;947;981
2680;947;984
2681;951;988
2682;952;985
2683;948;984
2684;947;983
2685;945;982
2686;945;984
2687;947;983
2688;948;977
2689;945;972
2690;939;967
2691;931;964
2692;924;959
2693;921;960
2694;918;966
2695;912;986
2696;907;1013
2697;918;1034
2698;942;1054
2699;973;1073
2700;1003;1093
2701;1045;1113
2702;1095;1130
2703;1144;1143
2704;1186;1128
2705;1202;1079
2706;1190;1007
2707;1140;964
2708;1061;957
2709;983;967
2710;934;974
2711;919;975
2712;925;977
2713;931;981
2714;937;978
2715;941;978
2716;941;976
2717;941;977
2718;944;977
2719;945;975
2720;943;973
2721;939;974
2722;937;976
2723;941;979
2724;941;978
2725;941;974
2726;941;976
2727;938;973
2728;940;978
2729;942;979
2730;943;979
2731;940;979
2732;942;978
2733;940;976
2734;944;979
2735;945;981
2736;947;981
2737;944;979
2738;944;977
2739;944;976
2740;944;979
2741;945;983
2742;944;982
2743;944;979
2744;944;978
2745;942;977
2746;945;979
2747;942;981
2748;944;980
2749;945;978
2750;943;977
2751;942;978
2752;941;981
2753;943;981
2754;944;981
2755;945;979
2756;943;977
2757;941;977
2758;943;978
2759;941;981
2760;942;979
2761;943;979
2762;943;977
2763;942;975
2764;943;976
2765;944;979
2766;945;982
2767;943;978
2768;943;978
2769;944;975
2770;945;980
2771;946;979
2772;945;977
2773;946;975
2774;945;974
2775;940;974
2776;941;976
2777;943;976
2778;944;975
2779;944;974
2780;941;970
2781;940;970
2782;942;971
2783;945;972
2784;944;968
2785;943;965
2786;941;965
2787;937;961
2788;941;962
2789;941;963
2790;944;962
2791;943;959
2792;940;958
2793;938;954
2794;939;956
2795;942;957
2796;942;954
2797;943;954
2798;941;950
2799;939;951
2800;939;953
2801;940;957
2802;942;953
2803;942;951
2804;940;950
2805;938;952
2806;939;957
2807;940;961
2808;943;961
2809;941;963
2810;942;967
2811;942;967
2812;947;970
2813;950;976
2814;952;978
2815;954;980
2816;954;980
2817;954;984
2818;957;988
2819;960;989
2820;963;988
2821;961;987
2822;961;986
2823;960;987
2824;963;988
2825;963;989
2826;965;990
2827;966;991
2828;965;989
2829;965;990
2830;967;991
2831;967;993
2832;970;992
2833;968;992
2834;968;991
2835;965;991
2836;968;992
2837;967;995
2838;969;994
2839;967;992
2840;965;991
2841;963;989
2842;965;994
2843;967;996
2844;967;993
2845;966;992
2846;964;989
2847;962;989
2848;965;990
2849;964;992
2850;966;993
2851;967;991
2852;963;989
2853;962;988
2854;964;990
2855;965;991
2856;963;990
2857;964;987
2858;963;987
2859;960;988
2860;960;989
2861;962;990
2862;964;988
2863;962;987
2864;960;984
2865;956;985
2866;958;987
2867;962;989
2868;961;988
2869;959;987
2870;959;983
2871;955;982
2872;958;986
2873;960;987
2874;960;986
2875;957;984
2876;957;983
2877;953;981
2878;956;984
2879;960;988
2880;961;987
2881;958;984
2882;956;983
2883;956;984
2884;954;983
2885;958;986
2886;958;986
2887;956;988
2888;954;983
2889;953;984
2890;955;985
2891;957;988
2892;957;987
2893;956;987
2894;956;984
2895;955;984
2896;957;988
2897;957;988
2898;959;987
2899;959;987
2900;957;984
2901;956;985
2902;956;989
2903;960;989
2904;961;987
2905;960;986
2906;957;985
2907;957;983
2908;960;987
2909;959;992
2910;961;990
2911;960;986
2912;960;986
2913;955;986
2914;957;988
2915;960;990
2916;962;992
2917;960;990
2918;960;987
2919;956;985
2920;958;988
2921;960;989
2922;962;990
2923;962;990
2924;962;985
2925;965;984
2926;968;988
2927;973;990
2928;974;989
2929;974;988
2930;973;988
2931;972;990
2932;976;993
2933;980;997
2934;978;995
2935;978;992
2936;981;992
2937;980;992
2938;979;996
2939;978;1000
2940;978;1000
2941;977;998
2942;975;998
2943;973;999
2944;976;999
2945;977;1001
2946;975;1002
2947;977;998
2948;978;995
2949;980;993
2950;985;996
2951;980;996
2952;975;995
2953;972;994
2954;970;992
2955;966;991
2956;964;992
2957;963;994
2958;963;991
2959;960;987
2960;958;988
2961;954;987
2962;954;990
2963;957;993
2964;957;989
2965;957;986
2966;956;985
2967;954;985
2968;954;988
2969;955;989
2970;957;988
2971;955;988
2972;953;986
2973;950;990
2974;954;988
2975;955;989
2976;957;988
2977;957;987
2978;957;984
2979;953;985
2980;953;984
2981;955;979
2982;953;973
2983;945;965
2984;934;958
2985;928;956
2986;923;963
2987;919;985
2988;915;1011
2989;924;1038
2990;945;1060
2991;973;1081
2992;1010;1107
2993;1053;1135
2994;1109;1158
2995;1161;1164
2996;1199;1135
2997;1209;1066
2998;1183;999
2999;1118;971
3000;1028;976
3001;959;981
3002;930;981
3003;927;978
3004;942;980
3005;951;982
3006;953;977
3007;951;977
3008;948;977
3009;947;978
3010;948;979
3011;950;982
3012;950;981
3013;949;979
3014;947;976
3015;945;974
3016;947;978
3017;948;978
3018;947;979
3019;949;978
3020;946;976
3021;943;977
3022;943;978
3023;946;979
3024;947;978
3025;947;975
3026;946;977
3027;942;977
3028;944;980
3029;946;980
3030;947;979
3031;947;978
3032;945;975
3033;946;979
3034;945;980
3035;948;982
3036;949;982
3037;948;980
3038;947;976
3039;944;977
3040;947;979
3041;948;982
3042;949;984
3043;948;979
3044;945;979
3045;945;979
3046;947;979
3047;949;981
3048;950;981
3049;951;977
3050;947;976
3051;945;976
3052;947;977
3053;947;980
3054;950;979
3055;949;977
3056;950;975
3057;949;975
3058;949;978
3059;950;979
3060;953;980
3061;951;975
3062;948;974
3063;949;973
3064;950;973
3065;948;976
3066;951;974
3067;950;972
3068;949;969
3069;946;967
3070;948;969
3071;949;968
3072;948;966
3073;950;964
3074;949;963
3075;948;961
3076;947;962
3077;947;961
3078;950;959
3079;949;957
3080;949;954
3081;948;955
3082;948;956
3083;948;957
3084;948;954
3085;949;952
3086;946;950
3087;945;951
3088;947;952
3089;947;955
3090;949;956
3091;949;954
3092;947;953
3093;947;955
3094;946;959
3095;950;963
3096;951;964
3097;951;967
3098;949;967
3099;947;968
3100;954;971
3101;955;978
3102;959;977
3103;959;976
3104;958;975
3105;959;979
3106;959;981
3107;961;985
3108;961;988
3109;961;988
3110;964;986
3111;964;988
3112;967;991
3113;970;996
3114;971;993
3115;972;991
3116;969;992
3117;967;993
3118;971;995
3119;973;997
3120;974;994
3121;970;991
3122;968;990
3123;967;994
3124;967;995
3125;968;995
3126;970;995
3127;970;992
3128;970;990
3129;967;990
3130;968;993
3131;969;997
3132;970;995
3133;971;993
3134;969;991
3135;966;988
3136;967;991
3137;967;994
3138;969;992
3139;970;994
3140;968;990
3141;965;989
3142;968;991
3143;970;993
3144;970;991
3145;969;989
3146;967;988
3147;964;989
3148;965;991
3149;966;992
3150;965;991
3151;964;987
3152;966;985
3153;963;987
3154;965;987
3155;966;990
3156;965;989
3157;966;990
3158;962;987
3159;960;988
3160;961;987
3161;961;988
3162;964;989
3163;963;987
3164;961;986
3165;958;987
3166;960;990
3167;963;992
3168;961;987
3169;963;987
3170;961;986
3171;959;984
3172;962;985
3173;965;991
3174;964;989
3175;963;988
3176;962;986
3177;959;985
3178;961;986
3179;961;992
3180;963;989
3181;963;991
3182;959;987
3183;960;988
3184;960;988
3185;962;993
3186;963;990
3187;960;988
3188;960;988
3189;960;987
3190;962;991
3191;963;994
3192;966;992
3193;967;991
3194;966;988
3195;963;988
3196;962;991
3197;964;994
3198;964;993
3199;962;993
3200;961;990
3201;961;989
3202;962;991
3203;965;993
3204;964;994
3205;965;993
3206;961;991
3207;962;991
3208;966;992
3209;971;992
3210;976;991
3211;973;990
3212;976;989
3213;974;992
3214;979;997
3215;979;996
3216;981;995
3217;982;996
3218;984;995
3219;985;997
3220;985;999
3221;988;1001
3222;989;1001
3223;988;999
3224;983;998
3225;981;1003
3226;982;1005
3227;982;1005
3228;982;1005
3229;982;1005
3230;981;1005
3231;979;1001
3232;982;1000
3233;988;1000
3234;990;998
3235;987;997
3236;976;999
3237;973;996
3238;973;997
3239;970;1000
3240;969;994
3241;967;994
3242;964;993
3243;964;992
3244;961;995
3245;963;996
3246;964;995
3247;965;995
3248;964;992
3249;961;991
3250;962;993
3251;962;995
3252;964;993
3253;964;993
3254;963;990
3255;961;991
3256;959;992
3257;960;993
3258;960;992
3259;960;990
3260;959;990
3261;956;991
3262;957;991
3263;959;995
3264;961;990
3265;960;986
3266;955;979
3267;950;974
3268;945;970
3269;939;968
3270;935;963
3271;931;966
3272;922;984
3273;918;1009
3274;927;1032
3275;950;1051
3276;977;1067
3277;1006;1088
3278;1045;1111
3279;1099;1132
3280;1155;1140
3281;1188;1117
3282;1197;1053
3283;1171;993
3284;1114;967
3285;1036;974
3286;970;984
3287;938;988
3288;932;986
3289;941;986
3290;947;987
3291;951;985
3292;953;987
3293;953;989
3294;955;986
3295;954;985
3296;954;983
3297;952;983
3298;955;987
3299;956;991
3300;956;987
3301;957;986
3302;957;982
3303;953;982
3304;955;984
3305;956;986
3306;957;987
3307;956;985
3308;954;982
3309;951;982
3310;952;986
3311;951;988
3312;954;986
3313;955;985
3314;951;981
3315;952;981
3316;954;985
3317;953;987
3318;954;988
3319;953;987
3320;954;984
3321;952;983
3322;957;986
3323;957;988
3324;958;987
3325;956;985
3326;954;985
3327;954;985
3328;955;986
3329;957;987
3330;955;985
3331;953;985
3332;953;983
3333;950;984
3334;953;986
3335;954;987
3336;955;985
3337;951;982
3338;951;981
3339;950;981
3340;951;983
3341;953;986
3342;955;986
3343;955;983
3344;955;980
3345;956;981
3346;957;983
3347;959;982
3348;957;980
3349;955;978
3350;954;976
3351;954;973
3352;953;976
3353;953;979
3354;952;978
3355;954;974
3356;952;974
3357;951;972
3358;955;972
3359;955;973
3360;958;972
3361;954;967
3362;955;965
3363;953;964
3364;954;967
3365;956;968
3366;957;966
3367;954;963
3368;951;961
3369;948;960
3370;947;962
3371;953;963
3372;952;962
3373;953;960
3374;950;959
3375;947;957
3376;950;960
3377;950;964
3378;954;964
3379;955;964
3380;951;967
3381;951;968
3382;952;972
3383;955;976
3384;958;977
3385;958;979
3386;958;978
3387;957;979
3388;961;986
3389;962;988
3390;967;987
3391;966;988
3392;966;985
3393;964;988
3394;968;990
3395;969;992
3396;972;990
3397;972;990
3398;970;988
3399;971;988
3400;973;990
3401;974;993
3402;975;993
3403;975;992
3404;973;988
3405;971;989
3406;972;991
3407;973;992
3408;976;990
3409;974;989
3410;973;986
3411;969;986
3412;969;989
3413;971;991
3414;970;989
3415;969;988
3416;968;987
3417;966;987
3418;968;987
3419;969;991
3420;970;987
3421;970;987
3422;968;983
3423;966;982
3424;968;985
3425;967;990
3426;969;988
3427;966;987
3428;968;986
3429;966;984
3430;968;984
3431;967;985
3432;969;984
3433;968;983
3434;965;982
3435;963;981
3436;964;983
3437;964;983
3438;963;980
3439;961;981
3440;960;979
3441;962;981
3442;962;982
3443;964;986
3444;962;983
3445;962;981
3446;960;980
3447;959;979
3448;962;982
3449;960;984
3450;962;983
3451;962;981
3452;961;980
3453;959;979
3454;961;981
3455;963;983
3456;961;985
3457;962;981
3458;960;978
3459;959;977
3460;959;980
3461;960;983
3462;963;980
3463;963;978
3464;964;976
3465;961;977
3466;964;981
3467;962;982
3468;961;983
3469;963;983
3470;962;982
3471;960;981
3472;962;980
3473;964;983
3474;965;980
3475;964;978
3476;961;979
3477;959;979
3478;959;985
3479;963;985
3480;962;980
3481;966;978
3482;961;974
3483;959;976
3484;960;979
3485;966;982
3486;968;982
3487;972;978
3488;972;977
3489;971;976
3490;972;982
3491;974;985
3492;978;985
3493;980;986
3494;980;984
3495;977;985
3496;980;988
3497;983;988
3498;983;986
3499;982;986
3500;982;988
3501;978;987
3502;976;991
3503;978;991
3504;979;989
3505;977;987
3506;974;984
3507;971;985
3508;972;987
3509;975;988
3510;981;985
3511;981;985
3512;975;981
3513;968;984
3514;969;982
3515;969;985
3516;965;979
3517;962;977
3518;959;975
3519;956;975
3520;956;980
3521;959;978
3522;961;980
3523;962;979
3524;961;976
3525;958;979
3526;958;982
3527;959;980
3528;959;978
3529;957;978
3530;955;976
3531;954;975
3532;954;975
3533;954;976
3534;955;977
3535;954;976
3536;951;973
3537;952;973
3538;954;974
3539;953;978
3540;955;976
3541;955;974
3542;954;971
3543;951;966
3544;948;962
3545;943;963
3546;939;957
3547;936;953
3548;930;957
3549;920;970
3550;916;992
3551;926;1014
3552;946;1026
3553;972;1037
3554;1001;1051
3555;1041;1072
3556;1096;1095
3557;1147;1103
3558;1180;1075
3559;1191;1021
3560;1168;965
3561;1106;943
3562;1030;946
3563;973;956
3564;941;963
3565;930;962
3566;931;965
3567;937;965
3568;945;968
3569;949;970
3570;950;971
3571;949;967
3572;949;966
3573;946;966
3574;944;966
3575;948;967
3576;947;966
3577;947;966
3578;947;967
3579;947;967
3580;950;967
3581;950;971
3582;952;971
3583;948;969
3584;948;967
3585;947;968
3586;950;970
3587;950;970
3588;951;969
3589;949;970
3590;947;967
3591;946;964
3592;946;968
3593;947;969
3594;947;967
3595;945;967
3596;946;965
3597;944;966
3598;943;967
3599;946;969
3600;945;971
3601;946;967
3602;943;964
3603;943;963
3604;944;967
3605;949;970
3606;948;968
3607;946;969
3608;945;966
3609;945;968
3610;946;966
3611;946;968
3612;947;968
3613;943;967
3614;944;967
3615;943;967
3616;945;965
3617;946;969
3618;945;968
3619;946;966
3620;944;965
3621;943;965
3622;943;967
3623;946;969
3624;946;965
3625;945;963
3626;944;963
3627;944;960
3628;945;963
3629;948;965
3630;950;964
3631;948;964
3632;947;960
3633;945;960
3634;946;962
3635;948;963
3636;948;961
3637;947;958
3638;946;955
3639;946;953
3640;944;956
3641;944;957
3642;943;954
3643;941;950
3644;940;948
3645;938;948
3646;938;949
3647;939;947
3648;940;943
3649;938;943
3650;935;940
3651;931;938
3652;933;941
3653;936;942
3654;939;941
3655;937;939
3656;934;939
3657;936;939
3658;935;943
3659;939;947
3660;939;946
3661;939;947
3662;938;947
3663;938;948
3664;941;954
3665;941;960
3666;947;961
3667;949;961
3668;947;963
3669;950;963
3670;952;970
3671;954;974
3672;957;977
3673;957;977
3674;959;975
3675;960;976
3676;959;977
3677;963;981
3678;965;980
3679;964;980
3680;966;979
3681;965;980
3682;966;981
3683;966;983
3684;967;981
3685;967;981
3686;967;979
3687;966;979
3688;966;981
3689;967;986
3690;970;985
3691;970;982
3692;968;983
3693;966;983
3694;967;984
3695;969;983
3696;969;983
3697;969;983
3698;966;981
3699;963;982
3700;963;982
3701;964;984
3702;968;984
3703;966;983
3704;963;980
3705;961;982
3706;962;984
3707;965;984
3708;966;985
3709;964;981
3710;963;981
3711;963;980
3712;962;982
3713;964;982
3714;965;982
3715;963;981
3716;963;979
3717;961;978
3718;962;981
3719;962;981
3720;965;981
3721;964;980
3722;963;978
3723;962;980
3724;963;983
3725;963;984
3726;965;980
3727;964;979
3728;961;976
3729;959;978
3730;960;978
3731;960;981
3732;961;979
3733;962;980
3734;959;977
3735;957;979
3736;958;979
3737;960;982
3738;960;979
3739;962;979
3740;958;979
3741;958;978
3742;959;980
3743;962;982
3744;963;980
3745;963;981
3746;960;978
3747;958;977
3748;959;981
3749;964;982
3750;962;981
3751;963;979
3752;961;979
3753;958;977
3754;958;978
3755;958;981
3756;960;979
3757;959;980
3758;959;978
3759;957;979
3760;959;980
3761;961;982
3762;962;981
3763;961;980
3764;960;980
3765;959;979
3766;961;982
3767;962;983
3768;963;981
3769;962;979
3770;961;978
3771;960;976
3772;961;979
3773;962;983
3774;965;981
3775;965;981
3776;963;980
3777;962;978
3778;964;979
3779;968;981
3780;969;979
3781;971;980
3782;969;980
3783;969;979
3784;972;985
3785;976;985
3786;976;983
3787;977;984
3788;976;984
3789;977;985
3790;979;986
3791;981;990
3792;983;990
3793;983;988
3794;982;988
3795;981;987
3796;980;990
3797;980;991
3798;981;988
3799;980;989
3800;980;987
3801;978;989
3802;978;990
3803;976;994
3804;982;994
3805;980;993
3806;978;988
3807;973;988
3808;977;990
3809;982;989
3810;986;988
3811;983;986
3812;979;985
3813;972;984
3814;969;986
3815;968;987
3816;967;984
3817;963;985
3818;960;981
3819;961;982
3820;957;984
3821;959;985
3822;957;983
3823;960;980
3824;959;981
3825;960;979
3826;959;979
3827;959;982
3828;962;983
3829;963;982
3830;960;979
3831;960;978
3832;958;981
3833;960;984
3834;960;981
3835;958;980
3836;958;979
3837;952;982
3838;953;982
3839;958;984
3840;959;982
3841;959;981
3842;957;979
3843;954;977
3844;956;976
3845;955;973
3846;953;966
3847;947;962
3848;939;957
3849;934;952
3850;930;954
3851;927;967
3852;922;989
3853;921;1014
3854;933;1039
3855;959;1062
3856;991;1087
3857;1026;1110
3858;1074;1133
3859;1127;1155
3860;1172;1155
3861;1201;1125
3862;1211;1066
3863;1191;1006
3864;1129;969
3865;1048;966
3866;978;971
3867;939;974
3868;933;973
3869;940;978
3870;948;978
3871;952;974
3872;951;973
3873;949;973
3874;948;974
3875;953;977
3876;953;974
3877;950;974
3878;949;971
3879;947;973
3880;948;974
3881;951;976
3882;950;975
3883;950;973
3884;951;973
3885;948;971
3886;950;976
3887;949;976
3888;951;973
3889;950;973
3890;948;971
3891;949;972
3892;951;974
3893;952;973
3894;952;973
3895;953;973
3896;953;973
3897;950;974
3898;951;975
3899;953;979
3900;954;978
3901;954;975
3902;954;973
3903;952;972
3904;952;975
3905;952;975
3906;954;975
3907;953;976
3908;951;974
3909;950;975
3910;952;975
3911;954;976
3912;953;976
3913;954;974
3914;953;971
3915;950;973
3916;949;976
3917;952;976
3918;954;976
3919;955;973
3920;954;972
3921;950;972
3922;950;973
3923;953;973
3924;954;974
3925;955;972
3926;952;969
3927;950;968
3928;951;968
3929;952;970
3930;954;971
3931;953;967
3932;951;966
3933;951;968
3934;950;968
3935;951;969
3936;954;965
3937;954;963
3938;952;962
3939;952;962
3940;953;960
3941;955;963
3942;954;960
3943;955;955
3944;953;954
3945;950;953
3946;951;953
3947;953;954
3948;952;954
3949;951;952
3950;951;948
3951;948;947
3952;947;948
3953;949;948
3954;950;949
3955;949;947
3956;947;945
3957;945;948
3958;949;946
3959;947;948
3960;948;947
3961;950;948
3962;947;949
3963;947;950
3964;948;957
3965;950;961
3966;952;962
3967;954;964
3968;957;962
3969;958;967
3970;961;972
3971;965;979
3972;966;979
3973;966;980
3974;967;978
3975;966;981
3976;968;983
3977;968;985
3978;972;987
3979;973;985
3980;970;986
3981;969;988
3982;972;990
3983;974;994
3984;975;992
3985;974;989
3986;972;987
3987;971;989
3988;975;990
3989;977;992
3990;975;991
3991;976;991
3992;974;988
3993;971;989
3994;974;990
3995;974;991
3996;974;990
3997;974;988
3998;973;987
3999;971;986
4000;972;990
4001;976;993
4002;974;992
4003;975;991
4004;974;989
4005;970;988
4006;971;990
4007;970;991
4008;971;991
4009;971;989
4010;969;987
4011;967;986
4012;969;986
4013;971;989
4014;970;986
4015;970;988
4016;968;985
4017;967;985
4018;967;988
4019;968;988
4020;967;986
4021;968;983
4022;967;981
4023;964;981
4024;966;982
4025;967;986
4026;970;987
4027;968;984
4028;965;983
4029;966;979
4030;966;983
4031;965;984
4032;966;983
4033;967;983
4034;963;981
4035;961;981
4036;962;984
4037;962;984
4038;966;982
4039;965;982
4040;962;978
4041;960;981
4042;961;980
4043;962;983
4044;964;983
4045;964;980
4046;961;977
4047;960;979
4048;961;980
4049;960;982
4050;966;981
4051;964;980
4052;964;978
4053;961;980
4054;962;980
4055;964;981
4056;964;982
4057;966;977
4058;962;979
4059;959;980
4060;961;980
4061;963;984
4062;963;980
4063;963;981
4064;961;977
4065;959;978
4066;960;979
4067;962;982
4068;964;981
4069;965;980
4070;961;979
4071;960;981
4072;963;982
4073;964;984
4074;966;982
4075;965;980
4076;965;979
4077;962;979
4078;965;979
4079;965;982
4080;967;983
4081;965;982
4082;965;978
4083;962;979
4084;964;981
4085;967;982
4086;968;982
4087;969;979
4088;968;979
4089;971;979
4090;975;983
4091;978;984
4092;976;982
4093;976;980
4094;976;982
4095;975;981
4096;980;986
4097;980;986
4098;981;987
4099;984;987
4100;984;987
4101;982;984
4102;983;987
4103;985;990
4104;983;990
4105;982;993
4106;981;992
4107;979;992
4108;979;989
4109;984;991
4110;984;992
4111;982;992
4112;979;991
4113;980;990
4114;985;991
4115;988;992
4116;989;989
4117;983;985
4118;975;984
4119;971;983
4120;969;985
4121;968;985
4122;967;983
4123;964;984
4124;962;980
4125;959;979
4126;960;980
4127;959;982
4128;962;981
4129;959;980
4130;958;978
4131;956;976
4132;957;981
4133;958;981
4134;959;979
4135;960;977
4136;956;976
4137;955;974
4138;956;978
4139;958;983
4140;957;979
4141;958;978
4142;956;976
4143;956;974
4144;957;978
4145;957;981
4146;958;978
4147;957;973
4148;955;968
4149;949;963
4150;945;961
4151;938;959
4152;936;958
4153;934;954
4154;934;949
4155;929;941
4156;928;941
4157;922;949
4158;914;960
4159;909;977
4160;915;999
4161;926;1024
4162;949;1047
4163;974;1065
4164;1000;1087
4165;1036;1108
4166;1081;1129
4167;1129;1146
4168;1172;1147
4169;1196;1118
4170;1202;1051
4171;1170;991
4172;1109;959
4173;1027;963
4174;967;970
4175;937;972
4176;934;972
4177;937;974
4178;947;970
4179;948;969
4180;950;972
4181;950;972
4182;950;969
4183;952;970
4184;952;970
4185;950;970
4186;947;971
4187;951;972
4188;952;970
4189;951;970
4190;951;968
4191;949;967
4192;947;971
4193;952;973
4194;951;972
4195;953;970
4196;949;969
4197;948;967
4198;949;970
4199;953;971
4200;953;971
4201;952;972
4202;951;969
4203;948;970
4204;950;971
4205;953;973
4206;954;972
4207;953;973
4208;951;969
4209;948;971
4210;951;972
4211;953;973
4212;953;973
4213;951;972
4214;947;971
4215;946;968
4216;949;972
4217;953;976
4218;951;974
4219;952;971
4220;953;970
4221;951;968
4222;951;971
4223;953;974
4224;955;973
4225;955;972
4226;951;970
4227;952;968
4228;949;969
4229;953;972
4230;952;970
4231;951;967
4232;951;968
4233;950;968
4234;952;969
4235;953;968
4236;952;969
4237;951;970
4238;947;965
4239;948;963
4240;951;965
4241;953;968
4242;957;964
4243;952;962
4244;952;962
4245;947;961
4246;948;961
4247;949;962
4248;952;961
4249;952;958
4250;951;954
4251;949;954
4252;951;953
4253;953;957
4254;952;955
4255;954;953
4256;952;950
4257;950;949
4258;950;947
4259;951;948
4260;950;946
4261;948;946
4262;946;943
4263;947;942
4264;948;945
4265;950;945
4266;950;945
4267;951;944
4268;951;942
4269;946;943
4270;949;947
4271;950;949
4272;953;951
4273;951;951
4274;952;951
4275;950;953
4276;954;959
4277;956;965
4278;959;965
4279;960;971
4280;961;968
4281;959;969
4282;962;975
4283;965;978
4284;967;981
4285;966;982
4286;966;979
4287;969;981
4288;970;982
4289;971;985
4290;972;986
4291;972;981
4292;969;985
4293;969;982
4294;967;988
4295;972;988
4296;972;986
4297;971;985
4298;970;984
4299;968;984
4300;969;986
4301;973;990
4302;973;988
4303;975;985
4304;973;985
4305;972;982
4306;973;984
4307;973;985
4308;972;987
4309;971;986
4310;968;981
4311;965;982
4312;966;982
4313;969;984
4314;968;983
4315;968;981
4316;968;981
4317;967;979
4318;967;981
4319;968;985
4320;970;983
4321;967;980
4322;964;976
4323;962;976
4324;964;980
4325;966;982
4326;968;981
4327;964;981
4328;966;980
4329;962;977
4330;964;979
4331;965;980
4332;966;979
4333;967;978
4334;965;977
4335;959;975
4336;961;979
4337;962;980
4338;963;978
4339;964;975
4340;961;972
4341;958;972
4342;960;974
4343;960;978
4344;961;976
4345;960;975
4346;959;974
4347;957;974
4348;958;976
4349;959;977
4350;962;975
4351;961;976
4352;961;973
4353;957;973
4354;960;974
4355;962;974
4356;961;974
4357;962;972
4358;960;972
4359;957;974
4360;959;975
4361;959;978
4362;961;977
4363;962;976
4364;960;976
4365;958;974
4366;960;976
4367;960;976
4368;962;972
4369;958;973
4370;958;970
4371;955;970
4372;956;973
4373;958;973
4374;960;976
4375;961;975
4376;957;976
4377;957;976
4378;958;975
4379;962;977
4380;962;977
4381;961;975
4382;958;970
4383;960;972
4384;961;974
4385;964;974
4386;967;973
4387;968;974
4388;971;970
4389;972;970
4390;971;974
4391;972;978
4392;973;977
4393;972;976
4394;974;977
4395;973;977
4396;976;978
4397;978;979
4398;983;981
4399;982;977
4400;979;979
4401;977;980
4402;979;983
4403;979;983
4404;978;983
4405;979;983
4406;976;982
4407;976;979
4408;978;982
4409;977;985
4410;974;984
4411;974;981
4412;973;977
4413;977;978
4414;980;979
4415;983;979
4416;981;975
4417;976;974
4418;971;972
4419;968;971
4420;968;978
4421;970;977
4422;970;976
4423;966;974
4424;960;968
4425;957;970
4426;956;971
4427;958;973
4428;958;971
4429;957;969
4430;954;968
4431;952;966
4432;954;969
4433;954;971
4434;955;970
4435;954;970
4436;953;968
4437;951;968
4438;952;970
4439;953;971
4440;954;968
4441;956;967
4442;952;965
4443;950;965
4444;950;968
4445;953;971
4446;955;968
4447;954;964
4448;950;959
4449;947;953
4450;942;952
4451;936;953
4452;932;947
4453;926;944
4454;916;953
4455;911;970
4456;914;990
4457;927;1009
4458;951;1022
4459;973;1034
4460;999;1051
4461;1042;1075
4462;1096;1096
4463;1144;1102
4464;1174;1079
4465;1183;1032
4466;1164;979
4467;1112;944
4468;1043;942
4469;987;952
4470;950;955
4471;930;956
4472;926;955
4473;930;955
4474;936;958
4475;939;963
4476;942;961
4477;942;961
4478;942;959
4479;940;957
4480;944;958
4481;945;962
4482;943;961
4483;942;960
4484;943;960
4485;940;960
4486;945;960
4487;945;962
4488;946;959
4489;945;958
4490;945;955
4491;942;956
4492;944;960
4493;944;962
4494;942;962
4495;944;960
4496;943;959
4497;942;959
4498;942;961
4499;944;962
4500;946;962
4501;946;961
4502;944;958
4503;944;960
4504;945;961
4505;946;966
4506;947;963
4507;946;963
4508;942;960
4509;942;960
4510;942;959
4511;941;960
4512;942;961
4513;943;960
4514;940;959
4515;940;958
4516;940;961
4517;941;962
4518;942;961
4519;941;958
4520;939;956
4521;939;957
4522;940;961
4523;939;963
4524;940;960
4525;942;959
4526;942;960
4527;941;959
4528;942;958
4529;942;960
4530;944;962
4531;943;959
4532;943;959
4533;939;958
4534;940;959
4535;942;958
4536;944;958
4537;943;957
4538;941;957
4539;940;955
4540;942;957
4541;942;956
4542;944;955
4543;942;954
4544;941;952
4545;940;948
4546;942;951
4547;944;952
4548;946;950
4549;944;948
4550;941;943
4551;940;939
4552;941;940
4553;941;943
4554;944;942
4555;941;939
4556;938;936
4557;934;935
4558;936;936
4559;936;938
4560;937;938
4561;937;936
4562;936;934
4563;934;931
4564;937;936
4565;936;937
4566;938;935
4567;936;931
4568;935;934
4569;935;935
4570;936;940
4571;937;944
4572;940;947
4573;941;948
4574;942;948
4575;943;949
4576;948;951
4577;949;955
4578;950;956
4579;950;956
4580;950;959
4581;952;963
4582;953;968
4583;959;969
4584;963;966
4585;962;963
4586;960;962
4587;959;963
4588;959;966
4589;961;968
4590;964;968
4591;963;970
4592;960;966
4593;958;967
4594;958;966
4595;962;969
4596;962;966
4597;962;965
4598;963;966
4599;962;964
4600;960;968
4601;963;970
4602;964;968
4603;964;967
4604;963;964
4605;960;966
4606;960;967
4607;961;969
4608;961;967
4609;962;964
4610;958;963
4611;957;962
4612;957;965
4613;960;965
4614;961;966
4615;961;965
4616;959;963
4617;958;962
4618;957;963
4619;960;965
4620;964;965
4621;964;964
4622;960;964
4623;960;962
4624;958;960
4625;960;964
4626;960;959
4627;959;959
4628;956;959
4629;953;957
4630;955;958
4631;954;962
4632;955;960
4633;955;959
4634;952;957
4635;952;956
4636;955;959
4637;956;961
4638;956;958
4639;953;958
4640;954;957
4641;954;956
4642;953;957
4643;956;961
4644;957;958
4645;956;955
4646;954;956
4647;953;956
4648;953;958
4649;953;959
4650;955;958
4651;955;956
4652;954;954
4653;952;953
4654;951;957
4655;951;960
4656;954;959
4657;954;958
4658;952;958
4659;950;953
4660;952;956
4661;954;960
4662;957;957
4663;954;957
4664;954;958
4665;955;954
4666;956;957
4667;956;957
4668;956;956
4669;956;956
4670;955;954
4671;954;955
4672;952;959
4673;954;960
4674;957;959
4675;955;955
4676;954;954
4677;954;954
4678;953;955
4679;956;958
4680;957;961
4681;958;958
4682;956;956
4683;953;955
4684;953;956
4685;958;960
4686;961;958
4687;961;956
4688;961;954
4689;960;957
4690;964;959
4691;964;962
4692;968;963
4693;971;960
4694;968;961
4695;967;960
4696;971;962
4697;977;966
4698;978;965
4699;978;963
4700;975;963
4701;973;962
4702;974;965
4703;975;968
4704;974;968
4705;973;967
4706;971;966
4707;970;965
4708;966;966
4709;968;967
4710;969;965
4711;972;964
4712;973;961
4713;972;961
4714;969;963
4715;965;965
4716;964;963
4717;963;962
4718;957;955
4719;953;957
4720;954;956
4721;954;957
4722;954;958
4723;953;958
4724;950;955
4725;950;955
4726;952;956
4727;951;957
4728;953;958
4729;951;957
4730;949;957
4731;947;958
4732;948;959
4733;949;962
4734;953;959
4735;950;959
4736;947;958
4737;946;957
4738;946;957
4739;950;961
4740;952;960
4741;950;958
4742;948;959
4743;947;957
4744;948;959
4745;949;958
4746;950;954
4747;948;949
4748;943;945
4749;935;939
4750;931;939
4751;928;938
4752;927;939
4753;919;951
4754;913;970
4755;917;991
4756;934;1011
4757;959;1027
4758;987;1040
4759;1019;1060
4760;1061;1083
4761;1110;1102
4762;1156;1105
4763;1187;1087
4764;1194;1029
4765;1174;972
4766;1121;936
4767;1046;931
4768;982;941
4769;946;949
4770;932;952
4771;927;954
4772;930;954
4773;934;954
4774;939;957
4775;941;959
4776;943;959
4777;941;956
4778;941;958
4779;940;957
4780;944;959
4781;945;959
4782;947;957
4783;945;959
4784;944;954
4785;940;956
4786;942;956
4787;944;962
4788;944;960
4789;943;959
4790;943;955
4791;937;956
4792;940;958
4793;942;961
4794;943;962
4795;941;960
4796;938;957
4797;936;957
4798;937;959
4799;941;961
4800;940;959
4801;938;958
4802;941;959
4803;938;958
4804;939;961
4805;940;960
4806;940;962
4807;941;960
4808;939;957
4809;939;958
4810;940;961
4811;942;961
4812;942;961
4813;942;960
4814;940;958
4815;938;958
4816;940;961
4817;941;962
4818;945;963
4819;943;960
4820;941;957
4821;938;957
4822;940;955
4823;940;959
4824;941;958
4825;940;958
4826;939;957
4827;936;957
4828;938;958
4829;939;959
4830;941;958
4831;940;957
4832;939;953
4833;936;953
4834;938;954
4835;938;958
4836;939;956
4837;940;952
4838;941;951
4839;939;951
4840;938;950
4841;939;954
4842;941;953
4843;943;950
4844;943;948
4845;939;946
4846;941;947
4847;940;948
4848;940;946
4849;940;945
4850;937;940
4851;937;938
4852;936;940
4853;940;942
4854;938;939
4855;934;938
4856;933;934
4857;931;932
4858;931;935
4859;931;933
4860;931;934
4861;931;934
4862;930;930
4863;926;931
4864;927;932
4865;932;936
4866;933;935
4867;932;937
4868;933;940
4869;933;944
4870;936;948
4871;939;951
4872;941;951
4873;944;953
4874;943;956
4875;944;955
4876;947;960
4877;951;964
4878;951;966
4879;952;968
4880;950;965
4881;949;967
4882;953;970
4883;956;972
4884;958;973
4885;958;974
4886;958;974
4887;956;973
4888;957;975
4889;960;975
4890;963;977
4891;961;975
4892;960;976
4893;960;974
4894;960;976
4895;961;978
4896;962;977
4897;962;976
4898;961;972
4899;958;974
4900;960;976
4901;960;978
4902;962;977
4903;960;977
4904;958;971
4905;956;971
4906;958;973
4907;959;975
4908;959;975
4909;960;974
4910;956;970
4911;954;970
4912;956;973
4913;960;974
4914;961;973
4915;959;973
4916;956;972
4917;955;973
4918;955;973
4919;956;974
4920;958;973
4921;957;970
4922;955;969
4923;952;968
4924;953;974
4925;956;974
4926;958;973
4927;957;970
4928;955;969
4929;951;969
4930;950;970
4931;954;972
4932;956;972
4933;957;971
4934;952;968
4935;953;968
4936;956;971
4937;957;973
4938;957;972
4939;960;968
4940;957;969
4941;953;968
4942;954;971
4943;955;973
4944;956;970
4945;957;971
4946;954;967
4947;950;967
4948;952;970
4949;953;972
4950;954;971
4951;955;972
4952;951;968
4953;952;970
4954;952;969
4955;954;971
4956;955;973
4957;953;969
4958;953;968
4959;951;969
4960;952;970
4961;955;972
4962;955;971
4963;954;972
4964;953;970
4965;952;968
4966;953;972
4967;954;973
4968;957;972
4969;957;970
4970;953;970
4971;955;969
4972;956;971
4973;958;974
4974;956;974
4975;955;972
4976;954;971
4977;953;969
4978;954;971
4979;957;973
4980;958;974
4981;958;971
4982;958;972
4983;958;971
4984;963;974
4985;967;977
4986;969;972
4987;968;972
4988;967;974
4989;966;974
4990;969;976
4991;972;980
4992;975;981
4993;976;978
4994;976;976
4995;976;979
4996;977;980
4997;979;985
4998;980;984
4999;978;982
